Datetime,Water Level (m)
2025-02-16 06:00:00,-0.22152992
2025-02-16 07:00:00,-0.3705988
2025-02-16 08:00:00,-0.45372915
2025-02-16 09:00:00,-0.40721375
2025-02-16 10:00:00,-0.25604895
2025-02-16 11:00:00,-0.040903755
2025-02-16 12:00:00,0.13188727
2025-02-16 13:00:00,0.22800855
2025-02-16 14:00:00,0.23113906
2025-02-16 15:00:00,0.1504134
2025-02-16 16:00:00,0.0339287
2025-02-16 17:00:00,-0.100400075
2025-02-16 18:00:00,-0.24033485
2025-02-16 19:00:00,-0.37913382
2025-02-16 20:00:00,-0.45531988
2025-02-16 21:00:00,-0.40107167
2025-02-16 22:00:00,-0.24368297
2025-02-16 23:00:00,-0.028606158
2025-02-17 00:00:00,0.15490884
2025-02-17 01:00:00,0.25060013
2025-02-17 02:00:00,0.25302863
2025-02-17 03:00:00,0.16976196
2025-02-17 04:00:00,0.048648454
2025-02-17 05:00:00,-0.08761135
2025-02-17 06:00:00,-0.23204604
2025-02-17 07:00:00,-0.37827724
2025-02-17 08:00:00,-0.49567237
2025-02-17 09:00:00,-0.4941462
2025-02-17 10:00:00,-0.40049368
2025-02-17 11:00:00,-0.21083337
2025-02-17 12:00:00,-0.006778299
2025-02-17 13:00:00,0.13087751
2025-02-17 14:00:00,0.17991559
2025-02-17 15:00:00,0.14402823
2025-02-17 16:00:00,0.049783994
2025-02-17 17:00:00,-0.07212775
2025-02-17 18:00:00,-0.2046103
2025-02-17 19:00:00,-0.33928114
2025-02-17 20:00:00,-0.44867977
2025-02-17 21:00:00,-0.4436228
2025-02-17 22:00:00,-0.34932408
2025-02-17 23:00:00,-0.16979769
2025-02-18 00:00:00,0.011049648
2025-02-18 01:00:00,0.13621484
2025-02-18 02:00:00,0.17059724
2025-02-18 03:00:00,0.12528488
2025-02-18 04:00:00,0.023825502
2025-02-18 05:00:00,-0.10251908
2025-02-18 06:00:00,-0.23534897
2025-02-18 07:00:00,-0.37350506
2025-02-18 08:00:00,-0.4997141
2025-02-18 09:00:00,-0.5408359
2025-02-18 10:00:00,-0.47814852
2025-02-18 11:00:00,-0.3214742
2025-02-18 12:00:00,-0.1295619
2025-02-18 13:00:00,0.03272458
2025-02-18 14:00:00,0.1254596
2025-02-18 15:00:00,0.14171259
2025-02-18 16:00:00,0.080231324
2025-02-18 17:00:00,-0.02167736
2025-02-18 18:00:00,-0.14298321
2025-02-18 19:00:00,-0.2684835
2025-02-18 20:00:00,-0.38720387
2025-02-18 21:00:00,-0.42998853
2025-02-18 22:00:00,-0.37593168
2025-02-18 23:00:00,-0.23800227
2025-02-19 00:00:00,-0.08219451
2025-02-19 01:00:00,0.041475516
2025-02-19 02:00:00,0.09214098
2025-02-19 03:00:00,0.07323629
2025-02-19 04:00:00,-0.010390958
2025-02-19 05:00:00,-0.119427934
2025-02-19 06:00:00,-0.23958594
2025-02-19 07:00:00,-0.36421052
2025-02-19 08:00:00,-0.48713925
2025-02-19 09:00:00,-0.5619351
2025-02-19 10:00:00,-0.5344663
2025-02-19 11:00:00,-0.42646408
2025-02-19 12:00:00,-0.25769553
2025-02-19 13:00:00,-0.09627113
2025-02-19 14:00:00,0.023047743
2025-02-19 15:00:00,0.08821782
2025-02-19 16:00:00,0.07698387
2025-02-19 17:00:00,0.006618628
2025-02-19 18:00:00,-0.09453847
2025-02-19 19:00:00,-0.207407
2025-02-19 20:00:00,-0.31801912
2025-02-19 21:00:00,-0.40015352
2025-02-19 22:00:00,-0.3900725
2025-02-19 23:00:00,-0.30759865
2025-02-20 00:00:00,-0.17741564
2025-02-20 01:00:00,-0.06956871
2025-02-20 02:00:00,-0.0113154175
2025-02-20 03:00:00,-0.016913306
2025-02-20 04:00:00,-0.06682246
2025-02-20 05:00:00,-0.16076656
2025-02-20 06:00:00,-0.26331308
2025-02-20 07:00:00,-0.37248877
2025-02-20 08:00:00,-0.4844419
2025-02-20 09:00:00,-0.5730732
2025-02-20 10:00:00,-0.58950865
2025-02-20 11:00:00,-0.52851844
2025-02-20 12:00:00,-0.3992656
2025-02-20 13:00:00,-0.25755027
2025-02-20 14:00:00,-0.12863915
2025-02-20 15:00:00,-0.036288675
2025-02-20 16:00:00,0.0064520324
2025-02-20 17:00:00,-0.019626135
2025-02-20 18:00:00,-0.087844044
2025-02-20 19:00:00,-0.17500953
2025-02-20 20:00:00,-0.26914555
2025-02-20 21:00:00,-0.35721993
2025-02-20 22:00:00,-0.40768504
2025-02-20 23:00:00,-0.3904225
2025-02-21 00:00:00,-0.3262485
2025-02-21 01:00:00,-0.24587764
2025-02-21 02:00:00,-0.189688
2025-02-21 03:00:00,-0.17182122
2025-02-21 04:00:00,-0.19885257
2025-02-21 05:00:00,-0.25393692
2025-02-21 06:00:00,-0.3331188
2025-02-21 07:00:00,-0.4196343
2025-02-21 08:00:00,-0.50970244
2025-02-21 09:00:00,-0.5883804
2025-02-21 10:00:00,-0.630774
2025-02-21 11:00:00,-0.6080305
2025-02-21 12:00:00,-0.52738374
2025-02-21 13:00:00,-0.41362694
2025-02-21 14:00:00,-0.30309764
2025-02-21 15:00:00,-0.19731842
2025-02-21 16:00:00,-0.10426538
2025-02-21 17:00:00,-0.042910714
2025-02-21 18:00:00,-0.04027818
2025-02-21 19:00:00,-0.0864274
2025-02-21 20:00:00,-0.15527263
2025-02-21 21:00:00,-0.23526299
2025-02-21 22:00:00,-0.30780333
2025-02-21 23:00:00,-0.3591302
2025-02-22 00:00:00,-0.3684975
2025-02-22 01:00:00,-0.34667593
2025-02-22 02:00:00,-0.3147109
2025-02-22 03:00:00,-0.29615682
2025-02-22 04:00:00,-0.30599928
2025-02-22 05:00:00,-0.3424987
2025-02-22 06:00:00,-0.3892199
